--------------------------------------------------
-- 0. location (지역 테이블)
--------------------------------------------------
INSERT INTO location (locationCode, province, city, fullLocation) VALUES ('101000', '서울특별시', NULL, '서울특별시');
INSERT INTO location (locationCode, province, city, fullLocation) VALUES ('101010', '서울특별시', '강남구', '서울특별시 강남구');
INSERT INTO location (locationCode, province, city, fullLocation) VALUES ('101020', '서울특별시', '강동구', '서울특별시 강동구');
INSERT INTO location (locationCode, province, city, fullLocation) VALUES ('101030', '서울특별시', '강북구', '서울특별시 강북구');
INSERT INTO location (locationCode, province, city, fullLocation) VALUES ('101040', '서울특별시', '강서구', '서울특별시 강서구');
INSERT INTO location (locationCode, province, city, fullLocation) VALUES ('101050', '서울특별시', '관악구', '서울특별시 관악구');
INSERT INTO location (locationCode, province, city, fullLocation) VALUES ('101060', '서울특별시', '광진구', '서울특별시 광진구');
INSERT INTO location (locationCode, province, city, fullLocation) VALUES ('101070', '서울특별시', '구로구', '서울특별시 구로구');
INSERT INTO location (locationCode, province, city, fullLocation) VALUES ('101080', '서울특별시', '금천구', '서울특별시 금천구');
INSERT INTO location (locationCode, province, city, fullLocation) VALUES ('101090', '서울특별시', '노원구', '서울특별시 노원구');
INSERT INTO location (locationCode, province, city, fullLocation) VALUES ('101100', '서울특별시', '도봉구', '서울특별시 도봉구');
INSERT INTO location (locationCode, province, city, fullLocation) VALUES ('101110', '서울특별시', '동대문구', '서울특별시 동대문구');
INSERT INTO location (locationCode, province, city, fullLocation) VALUES ('101120', '서울특별시', '동작구', '서울특별시 동작구');
INSERT INTO location (locationCode, province, city, fullLocation) VALUES ('101130', '서울특별시', '마포구', '서울특별시 마포구');
INSERT INTO location (locationCode, province, city, fullLocation) VALUES ('101140', '서울특별시', '서대문구', '서울특별시 서대문구');
INSERT INTO location (locationCode, province, city, fullLocation) VALUES ('101150', '서울특별시', '서초구', '서울특별시 서초구');
INSERT INTO location (locationCode, province, city, fullLocation) VALUES ('101160', '서울특별시', '성동구', '서울특별시 성동구');
INSERT INTO location (locationCode, province, city, fullLocation) VALUES ('101170', '서울특별시', '성북구', '서울특별시 성북구');
INSERT INTO location (locationCode, province, city, fullLocation) VALUES ('101180', '서울특별시', '송파구', '서울특별시 송파구');
INSERT INTO location (locationCode, province, city, fullLocation) VALUES ('101190', '서울특별시', '양천구', '서울특별시 양천구');
INSERT INTO location (locationCode, province, city, fullLocation) VALUES ('101200', '서울특별시', '영등포구', '서울특별시 영등포구');
INSERT INTO location (locationCode, province, city, fullLocation) VALUES ('101210', '서울특별시', '용산구', '서울특별시 용산구');
INSERT INTO location (locationCode, province, city, fullLocation) VALUES ('101220', '서울특별시', '은평구', '서울특별시 은평구');
INSERT INTO location (locationCode, province, city, fullLocation) VALUES ('101230', '서울특별시', '종로구', '서울특별시 종로구');
INSERT INTO location (locationCode, province, city, fullLocation) VALUES ('101240', '서울특별시', '중구', '서울특별시 중구');
INSERT INTO location (locationCode, province, city, fullLocation) VALUES ('101250', '서울특별시', '중랑구', '서울특별시 중랑구');
INSERT INTO location (locationCode, province, city, fullLocation) VALUES ('102000', '경기도', NULL, '경기도');
INSERT INTO location (locationCode, province, city, fullLocation) VALUES ('102010', '경기도', '가평군', '경기도 가평군');
INSERT INTO location (locationCode, province, city, fullLocation) VALUES ('102020', '경기도', '고양시', '경기도 고양시');
INSERT INTO location (locationCode, province, city, fullLocation) VALUES ('102030', '경기도', '고양시 덕양구', '경기도 고양시 덕양구');
INSERT INTO location (locationCode, province, city, fullLocation) VALUES ('102040', '경기도', '고양시 일산동구', '경기도 고양시 일산동구');
INSERT INTO location (locationCode, province, city, fullLocation) VALUES ('102050', '경기도', '고양시 일산서구', '경기도 고양시 일산서구');
INSERT INTO location (locationCode, province, city, fullLocation) VALUES ('102060', '경기도', '과천시', '경기도 과천시');
INSERT INTO location (locationCode, province, city, fullLocation) VALUES ('102070', '경기도', '광명시', '경기도 광명시');
INSERT INTO location (locationCode, province, city, fullLocation) VALUES ('102080', '경기도', '광주시', '경기도 광주시');
INSERT INTO location (locationCode, province, city, fullLocation) VALUES ('102090', '경기도', '구리시', '경기도 구리시');
INSERT INTO location (locationCode, province, city, fullLocation) VALUES ('102100', '경기도', '군포시', '경기도 군포시');
INSERT INTO location (locationCode, province, city, fullLocation) VALUES ('102110', '경기도', '김포시', '경기도 김포시');
INSERT INTO location (locationCode, province, city, fullLocation) VALUES ('102120', '경기도', '남양주시', '경기도 남양주시');
INSERT INTO location (locationCode, province, city, fullLocation) VALUES ('102130', '경기도', '동두천시', '경기도 동두천시');
INSERT INTO location (locationCode, province, city, fullLocation) VALUES ('102140', '경기도', '부천시', '경기도 부천시');
INSERT INTO location (locationCode, province, city, fullLocation) VALUES ('102150', '경기도', '부천시 소사구', '경기도 부천시 소사구');
INSERT INTO location (locationCode, province, city, fullLocation) VALUES ('102160', '경기도', '부천시 오정구', '경기도 부천시 오정구');
INSERT INTO location (locationCode, province, city, fullLocation) VALUES ('102170', '경기도', '부천시 원미구', '경기도 부천시 원미구');
INSERT INTO location (locationCode, province, city, fullLocation) VALUES ('102180', '경기도', '성남시', '경기도 성남시');
INSERT INTO location (locationCode, province, city, fullLocation) VALUES ('102190', '경기도', '성남시 분당구', '경기도 성남시 분당구');
INSERT INTO location (locationCode, province, city, fullLocation) VALUES ('102200', '경기도', '성남시 수정구', '경기도 성남시 수정구');
INSERT INTO location (locationCode, province, city, fullLocation) VALUES ('102210', '경기도', '성남시 중원구', '경기도 성남시 중원구');
INSERT INTO location (locationCode, province, city, fullLocation) VALUES ('102220', '경기도', '수원시', '경기도 수원시');
INSERT INTO location (locationCode, province, city, fullLocation) VALUES ('102230', '경기도', '수원시 권선구', '경기도 수원시 권선구');
INSERT INTO location (locationCode, province, city, fullLocation) VALUES ('102240', '경기도', '수원시 영통구', '경기도 수원시 영통구');
INSERT INTO location (locationCode, province, city, fullLocation) VALUES ('102250', '경기도', '수원시 장안구', '경기도 수원시 장안구');
INSERT INTO location (locationCode, province, city, fullLocation) VALUES ('102260', '경기도', '수원시 팔달구', '경기도 수원시 팔달구');
INSERT INTO location (locationCode, province, city, fullLocation) VALUES ('102270', '경기도', '시흥시', '경기도 시흥시');
INSERT INTO location (locationCode, province, city, fullLocation) VALUES ('102280', '경기도', '안산시', '경기도 안산시');
INSERT INTO location (locationCode, province, city, fullLocation) VALUES ('102290', '경기도', '안산시 단원구', '경기도 안산시 단원구');
INSERT INTO location (locationCode, province, city, fullLocation) VALUES ('102300', '경기도', '안산시 상록구', '경기도 안산시 상록구');
INSERT INTO location (locationCode, province, city, fullLocation) VALUES ('102310', '경기도', '안성시', '경기도 안성시');
INSERT INTO location (locationCode, province, city, fullLocation) VALUES ('102320', '경기도', '안양시', '경기도 안양시');
INSERT INTO location (locationCode, province, city, fullLocation) VALUES ('102330', '경기도', '안양시 동안구', '경기도 안양시 동안구');
INSERT INTO location (locationCode, province, city, fullLocation) VALUES ('102340', '경기도', '안양시 만안구', '경기도 안양시 만안구');
INSERT INTO location (locationCode, province, city, fullLocation) VALUES ('102350', '경기도', '양주시', '경기도 양주시');
INSERT INTO location (locationCode, province, city, fullLocation) VALUES ('102360', '경기도', '양평군', '경기도 양평군');
INSERT INTO location (locationCode, province, city, fullLocation) VALUES ('102370', '경기도', '여주시', '경기도 여주시');
INSERT INTO location (locationCode, province, city, fullLocation) VALUES ('102380', '경기도', '연천군', '경기도 연천군');
INSERT INTO location (locationCode, province, city, fullLocation) VALUES ('102390', '경기도', '오산시', '경기도 오산시');
INSERT INTO location (locationCode, province, city, fullLocation) VALUES ('102400', '경기도', '용인시', '경기도 용인시');
INSERT INTO location (locationCode, province, city, fullLocation) VALUES ('102410', '경기도', '용인시 기흥구', '경기도 용인시 기흥구');
INSERT INTO location (locationCode, province, city, fullLocation) VALUES ('102420', '경기도', '용인시 수지구', '경기도 용인시 수지구');
INSERT INTO location (locationCode, province, city, fullLocation) VALUES ('102430', '경기도', '용인시 처인구', '경기도 용인시 처인구');
INSERT INTO location (locationCode, province, city, fullLocation) VALUES ('102440', '경기도', '의왕시', '경기도 의왕시');
INSERT INTO location (locationCode, province, city, fullLocation) VALUES ('102450', '경기도', '의정부시', '경기도 의정부시');
INSERT INTO location (locationCode, province, city, fullLocation) VALUES ('102460', '경기도', '이천시', '경기도 이천시');
INSERT INTO location (locationCode, province, city, fullLocation) VALUES ('102470', '경기도', '파주시', '경기도 파주시');
INSERT INTO location (locationCode, province, city, fullLocation) VALUES ('102480', '경기도', '평택시', '경기도 평택시');
INSERT INTO location (locationCode, province, city, fullLocation) VALUES ('102490', '경기도', '포천시', '경기도 포천시');
INSERT INTO location (locationCode, province, city, fullLocation) VALUES ('102500', '경기도', '하남시', '경기도 하남시');
INSERT INTO location (locationCode, province, city, fullLocation) VALUES ('102510', '경기도', '화성시', '경기도 화성시');
INSERT INTO location (locationCode, province, city, fullLocation) VALUES ('103000', '광주광역시', NULL, '광주광역시');
INSERT INTO location (locationCode, province, city, fullLocation) VALUES ('103010', '광주광역시', '광산구', '광주광역시 광산구');
INSERT INTO location (locationCode, province, city, fullLocation) VALUES ('103020', '광주광역시', '남구', '광주광역시 남구');
INSERT INTO location (locationCode, province, city, fullLocation) VALUES ('103030', '광주광역시', '동구', '광주광역시 동구');
INSERT INTO location (locationCode, province, city, fullLocation) VALUES ('103040', '광주광역시', '북구', '광주광역시 북구');
INSERT INTO location (locationCode, province, city, fullLocation) VALUES ('103050', '광주광역시', '서구', '광주광역시 서구');
INSERT INTO location (locationCode, province, city, fullLocation) VALUES ('104000', '대구광역시', NULL, '대구광역시');
INSERT INTO location (locationCode, province, city, fullLocation) VALUES ('104010', '대구광역시', '남구', '대구광역시 남구');
INSERT INTO location (locationCode, province, city, fullLocation) VALUES ('104020', '대구광역시', '달서구', '대구광역시 달서구');
INSERT INTO location (locationCode, province, city, fullLocation) VALUES ('104030', '대구광역시', '달성군', '대구광역시 달성군');
INSERT INTO location (locationCode, province, city, fullLocation) VALUES ('104040', '대구광역시', '동구', '대구광역시 동구');
INSERT INTO location (locationCode, province, city, fullLocation) VALUES ('104050', '대구광역시', '북구', '대구광역시 북구');
INSERT INTO location (locationCode, province, city, fullLocation) VALUES ('104060', '대구광역시', '서구', '대구광역시 서구');
INSERT INTO location (locationCode, province, city, fullLocation) VALUES ('104070', '대구광역시', '수성구', '대구광역시 수성구');
INSERT INTO location (locationCode, province, city, fullLocation) VALUES ('104080', '대구광역시', '중구', '대구광역시 중구');
INSERT INTO location (locationCode, province, city, fullLocation) VALUES ('104090', '대구광역시', '군위군', '대구광역시 군위군');
INSERT INTO location (locationCode, province, city, fullLocation) VALUES ('105000', '대전광역시', NULL, '대전광역시');
INSERT INTO location (locationCode, province, city, fullLocation) VALUES ('105010', '대전광역시', '대덕구', '대전광역시 대덕구');
INSERT INTO location (locationCode, province, city, fullLocation) VALUES ('105020', '대전광역시', '동구', '대전광역시 동구');
INSERT INTO location (locationCode, province, city, fullLocation) VALUES ('105030', '대전광역시', '서구', '대전광역시 서구');
INSERT INTO location (locationCode, province, city, fullLocation) VALUES ('105040', '대전광역시', '유성구', '대전광역시 유성구');
INSERT INTO location (locationCode, province, city, fullLocation) VALUES ('105050', '대전광역시', '중구', '대전광역시 중구');
INSERT INTO location (locationCode, province, city, fullLocation) VALUES ('106000', '부산광역시', NULL, '부산광역시');
INSERT INTO location (locationCode, province, city, fullLocation) VALUES ('106010', '부산광역시', '강서구', '부산광역시 강서구');
INSERT INTO location (locationCode, province, city, fullLocation) VALUES ('106020', '부산광역시', '금정구', '부산광역시 금정구');
INSERT INTO location (locationCode, province, city, fullLocation) VALUES ('106030', '부산광역시', '기장군', '부산광역시 기장군');
INSERT INTO location (locationCode, province, city, fullLocation) VALUES ('106040', '부산광역시', '남구', '부산광역시 남구');
INSERT INTO location (locationCode, province, city, fullLocation) VALUES ('106050', '부산광역시', '동구', '부산광역시 동구');
INSERT INTO location (locationCode, province, city, fullLocation) VALUES ('106060', '부산광역시', '동래구', '부산광역시 동래구');
INSERT INTO location (locationCode, province, city, fullLocation) VALUES ('106070', '부산광역시', '부산진구', '부산광역시 부산진구');
INSERT INTO location (locationCode, province, city, fullLocation) VALUES ('106080', '부산광역시', '북구', '부산광역시 북구');
INSERT INTO location (locationCode, province, city, fullLocation) VALUES ('106090', '부산광역시', '사상구', '부산광역시 사상구');
INSERT INTO location (locationCode, province, city, fullLocation) VALUES ('106100', '부산광역시', '사하구', '부산광역시 사하구');
INSERT INTO location (locationCode, province, city, fullLocation) VALUES ('106110', '부산광역시', '서구', '부산광역시 서구');
INSERT INTO location (locationCode, province, city, fullLocation) VALUES ('106120', '부산광역시', '수영구', '부산광역시 수영구');
INSERT INTO location (locationCode, province, city, fullLocation) VALUES ('106130', '부산광역시', '연제구', '부산광역시 연제구');
INSERT INTO location (locationCode, province, city, fullLocation) VALUES ('106140', '부산광역시', '영도구', '부산광역시 영도구');
INSERT INTO location (locationCode, province, city, fullLocation) VALUES ('106150', '부산광역시', '중구', '부산광역시 중구');
INSERT INTO location (locationCode, province, city, fullLocation) VALUES ('106160', '부산광역시', '해운대구', '부산광역시 해운대구');
INSERT INTO location (locationCode, province, city, fullLocation) VALUES ('107000', '울산광역시', NULL, '울산광역시');
INSERT INTO location (locationCode, province, city, fullLocation) VALUES ('107010', '울산광역시', '남구', '울산광역시 남구');
INSERT INTO location (locationCode, province, city, fullLocation) VALUES ('107020', '울산광역시', '동구', '울산광역시 동구');
INSERT INTO location (locationCode, province, city, fullLocation) VALUES ('107030', '울산광역시', '북구', '울산광역시 북구');
INSERT INTO location (locationCode, province, city, fullLocation) VALUES ('107040', '울산광역시', '울주군', '울산광역시 울주군');
INSERT INTO location (locationCode, province, city, fullLocation) VALUES ('107050', '울산광역시', '중구', '울산광역시 중구');
INSERT INTO location (locationCode, province, city, fullLocation) VALUES ('108000', '인천광역시', NULL, '인천광역시');
INSERT INTO location (locationCode, province, city, fullLocation) VALUES ('108010', '인천광역시', '강화군', '인천광역시 강화군');
INSERT INTO location (locationCode, province, city, fullLocation) VALUES ('108020', '인천광역시', '계양구', '인천광역시 계양구');
INSERT INTO location (locationCode, province, city, fullLocation) VALUES ('108030', '인천광역시', '미추홀구', '인천광역시 미추홀구');
INSERT INTO location (locationCode, province, city, fullLocation) VALUES ('108040', '인천광역시', '남동구', '인천광역시 남동구');
INSERT INTO location (locationCode, province, city, fullLocation) VALUES ('108050', '인천광역시', '동구', '인천광역시 동구');
INSERT INTO location (locationCode, province, city, fullLocation) VALUES ('108060', '인천광역시', '부평구', '인천광역시 부평구');
INSERT INTO location (locationCode, province, city, fullLocation) VALUES ('108070', '인천광역시', '서구', '인천광역시 서구');
INSERT INTO location (locationCode, province, city, fullLocation) VALUES ('108080', '인천광역시', '연수구', '인천광역시 연수구');
INSERT INTO location (locationCode, province, city, fullLocation) VALUES ('108090', '인천광역시', '옹진군', '인천광역시 옹진군');
INSERT INTO location (locationCode, province, city, fullLocation) VALUES ('108100', '인천광역시', '중구', '인천광역시 중구');
INSERT INTO location (locationCode, province, city, fullLocation) VALUES ('109000', '강원도', NULL, '강원도');
INSERT INTO location (locationCode, province, city, fullLocation) VALUES ('109010', '강원도', '강릉시', '강원도 강릉시');
INSERT INTO location (locationCode, province, city, fullLocation) VALUES ('109020', '강원도', '고성군', '강원도 고성군');
INSERT INTO location (locationCode, province, city, fullLocation) VALUES ('109030', '강원도', '동해시', '강원도 동해시');
INSERT INTO location (locationCode, province, city, fullLocation) VALUES ('109040', '강원도', '삼척시', '강원도 삼척시');
INSERT INTO location (locationCode, province, city, fullLocation) VALUES ('109050', '강원도', '속초시', '강원도 속초시');
INSERT INTO location (locationCode, province, city, fullLocation) VALUES ('109060', '강원도', '양구군', '강원도 양구군');
INSERT INTO location (locationCode, province, city, fullLocation) VALUES ('109070', '강원도', '양양군', '강원도 양양군');
INSERT INTO location (locationCode, province, city, fullLocation) VALUES ('109080', '강원도', '영월군', '강원도 영월군');
INSERT INTO location (locationCode, province, city, fullLocation) VALUES ('109090', '강원도', '원주시', '강원도 원주시');
INSERT INTO location (locationCode, province, city, fullLocation) VALUES ('109100', '강원도', '인제군', '강원도 인제군');
INSERT INTO location (locationCode, province, city, fullLocation) VALUES ('109110', '강원도', '정선군', '강원도 정선군');
INSERT INTO location (locationCode, province, city, fullLocation) VALUES ('109120', '강원도', '철원군', '강원도 철원군');
INSERT INTO location (locationCode, province, city, fullLocation) VALUES ('109130', '강원도', '춘천시', '강원도 춘천시');
INSERT INTO location (locationCode, province, city, fullLocation) VALUES ('109140', '강원도', '태백시', '강원도 태백시');
INSERT INTO location (locationCode, province, city, fullLocation) VALUES ('109150', '강원도', '평창군', '강원도 평창군');
INSERT INTO location (locationCode, province, city, fullLocation) VALUES ('109160', '강원도', '홍천군', '강원도 홍천군');
INSERT INTO location (locationCode, province, city, fullLocation) VALUES ('109170', '강원도', '화천군', '강원도 화천군');
INSERT INTO location (locationCode, province, city, fullLocation) VALUES ('109180', '강원도', '횡성군', '강원도 횡성군');
INSERT INTO location (locationCode, province, city, fullLocation) VALUES ('110000', '경상남도', NULL, '경상남도');
INSERT INTO location (locationCode, province, city, fullLocation) VALUES ('110010', '경상남도', '거제시', '경상남도 거제시');
INSERT INTO location (locationCode, province, city, fullLocation) VALUES ('110020', '경상남도', '거창군', '경상남도 거창군');
INSERT INTO location (locationCode, province, city, fullLocation) VALUES ('110030', '경상남도', '고성군', '경상남도 고성군');
INSERT INTO location (locationCode, province, city, fullLocation) VALUES ('110040', '경상남도', '김해시', '경상남도 김해시');
INSERT INTO location (locationCode, province, city, fullLocation) VALUES ('110050', '경상남도', '남해군', '경상남도 남해군');
INSERT INTO location (locationCode, province, city, fullLocation) VALUES ('110053', '경상남도', '창원시 마산회원구', '경상남도 창원시 마산회원구');
INSERT INTO location (locationCode, province, city, fullLocation) VALUES ('110055', '경상남도', '창원시 마산합포구', '경상남도 창원시 마산합포구');
INSERT INTO location (locationCode, province, city, fullLocation) VALUES ('110057', '경상남도', '창원시 성산구', '경상남도 창원시 성산구');
INSERT INTO location (locationCode, province, city, fullLocation) VALUES ('110059', '경상남도', '창원시 의창구', '경상남도 창원시 의창구');
INSERT INTO location (locationCode, province, city, fullLocation) VALUES ('110070', '경상남도', '밀양시', '경상남도 밀양시');
INSERT INTO location (locationCode, province, city, fullLocation) VALUES ('110080', '경상남도', '사천시', '경상남도 사천시');
INSERT INTO location (locationCode, province, city, fullLocation) VALUES ('110090', '경상남도', '산청군', '경상남도 산청군');
INSERT INTO location (locationCode, province, city, fullLocation) VALUES ('110100', '경상남도', '양산시', '경상남도 양산시');
INSERT INTO location (locationCode, province, city, fullLocation) VALUES ('110110', '경상남도', '의령군', '경상남도 의령군');
INSERT INTO location (locationCode, province, city, fullLocation) VALUES ('110120', '경상남도', '진주시', '경상남도 진주시');
INSERT INTO location (locationCode, province, city, fullLocation) VALUES ('110130', '경상남도', '창원시 진해구', '경상남도 창원시 진해구');
INSERT INTO location (locationCode, province, city, fullLocation) VALUES ('110140', '경상남도', '창녕군', '경상남도 창녕군');
INSERT INTO location (locationCode, province, city, fullLocation) VALUES ('110150', '경상남도', '창원시', '경상남도 창원시');
INSERT INTO location (locationCode, province, city, fullLocation) VALUES ('110160', '경상남도', '통영시', '경상남도 통영시');
INSERT INTO location (locationCode, province, city, fullLocation) VALUES ('110170', '경상남도', '하동군', '경상남도 하동군');
INSERT INTO location (locationCode, province, city, fullLocation) VALUES ('110180', '경상남도', '함안군', '경상남도 함안군');
INSERT INTO location (locationCode, province, city, fullLocation) VALUES ('110190', '경상남도', '함양군', '경상남도 함양군');
INSERT INTO location (locationCode, province, city, fullLocation) VALUES ('110200', '경상남도', '합천군', '경상남도 합천군');
INSERT INTO location (locationCode, province, city, fullLocation) VALUES ('111000', '경상북도', NULL, '경상북도');
INSERT INTO location (locationCode, province, city, fullLocation) VALUES ('111010', '경상북도', '경산시', '경상북도 경산시');
INSERT INTO location (locationCode, province, city, fullLocation) VALUES ('111020', '경상북도', '경주시', '경상북도 경주시');
INSERT INTO location (locationCode, province, city, fullLocation) VALUES ('111030', '경상북도', '고령군', '경상북도 고령군');
INSERT INTO location (locationCode, province, city, fullLocation) VALUES ('111040', '경상북도', '구미시', '경상북도 구미시');
INSERT INTO location (locationCode, province, city, fullLocation) VALUES ('111050', '경상북도', '군위군', '경상북도 군위군');
INSERT INTO location (locationCode, province, city, fullLocation) VALUES ('111060', '경상북도', '김천시', '경상북도 김천시');
INSERT INTO location (locationCode, province, city, fullLocation) VALUES ('111070', '경상북도', '문경시', '경상북도 문경시');
INSERT INTO location (locationCode, province, city, fullLocation) VALUES ('111080', '경상북도', '봉화군', '경상북도 봉화군');
INSERT INTO location (locationCode, province, city, fullLocation) VALUES ('111090', '경상북도', '상주시', '경상북도 상주시');
INSERT INTO location (locationCode, province, city, fullLocation) VALUES ('111100', '경상북도', '성주군', '경상북도 성주군');
INSERT INTO location (locationCode, province, city, fullLocation) VALUES ('111110', '경상북도', '안동시', '경상북도 안동시');
INSERT INTO location (locationCode, province, city, fullLocation) VALUES ('111120', '경상북도', '영덕군', '경상북도 영덕군');
INSERT INTO location (locationCode, province, city, fullLocation) VALUES ('111130', '경상북도', '영양군', '경상북도 영양군');
INSERT INTO location (locationCode, province, city, fullLocation) VALUES ('111140', '경상북도', '영주시', '경상북도 영주시');
INSERT INTO location (locationCode, province, city, fullLocation) VALUES ('111150', '경상북도', '영천시', '경상북도 영천시');
INSERT INTO location (locationCode, province, city, fullLocation) VALUES ('111160', '경상북도', '예천군', '경상북도 예천군');
INSERT INTO location (locationCode, province, city, fullLocation) VALUES ('111170', '경상북도', '울릉군', '경상북도 울릉군');
INSERT INTO location (locationCode, province, city, fullLocation) VALUES ('111180', '경상북도', '울진군', '경상북도 울진군');
INSERT INTO location (locationCode, province, city, fullLocation) VALUES ('111190', '경상북도', '의성군', '경상북도 의성군');
INSERT INTO location (locationCode, province, city, fullLocation) VALUES ('111200', '경상북도', '청도군', '경상북도 청도군');
INSERT INTO location (locationCode, province, city, fullLocation) VALUES ('111210', '경상북도', '청송군', '경상북도 청송군');
INSERT INTO location (locationCode, province, city, fullLocation) VALUES ('111220', '경상북도', '칠곡군', '경상북도 칠곡군');
INSERT INTO location (locationCode, province, city, fullLocation) VALUES ('111230', '경상북도', '포항시', '경상북도 포항시');
INSERT INTO location (locationCode, province, city, fullLocation) VALUES ('111240', '경상북도', '포항시 남구', '경상북도 포항시 남구');
INSERT INTO location (locationCode, province, city, fullLocation) VALUES ('111250', '경상북도', '포항시 북구', '경상북도 포항시 북구');
INSERT INTO location (locationCode, province, city, fullLocation) VALUES ('112000', '전라남도', NULL, '전라남도');
INSERT INTO location (locationCode, province, city, fullLocation) VALUES ('112010', '전라남도', '강진군', '전라남도 강진군');
INSERT INTO location (locationCode, province, city, fullLocation) VALUES ('112020', '전라남도', '고흥군', '전라남도 고흥군');
INSERT INTO location (locationCode, province, city, fullLocation) VALUES ('112030', '전라남도', '곡성군', '전라남도 곡성군');
INSERT INTO location (locationCode, province, city, fullLocation) VALUES ('112040', '전라남도', '광양시', '전라남도 광양시');
INSERT INTO location (locationCode, province, city, fullLocation) VALUES ('112050', '전라남도', '구례군', '전라남도 구례군');
INSERT INTO location (locationCode, province, city, fullLocation) VALUES ('112060', '전라남도', '나주시', '전라남도 나주시');
INSERT INTO location (locationCode, province, city, fullLocation) VALUES ('112070', '전라남도', '담양군', '전라남도 담양군');
INSERT INTO location (locationCode, province, city, fullLocation) VALUES ('112080', '전라남도', '목포시', '전라남도 목포시');
INSERT INTO location (locationCode, province, city, fullLocation) VALUES ('112090', '전라남도', '무안군', '전라남도 무안군');
INSERT INTO location (locationCode, province, city, fullLocation) VALUES ('112100', '전라남도', '보성군', '전라남도 보성군');
INSERT INTO location (locationCode, province, city, fullLocation) VALUES ('112110', '전라남도', '순천시', '전라남도 순천시');
INSERT INTO location (locationCode, province, city, fullLocation) VALUES ('112120', '전라남도', '신안군', '전라남도 신안군');
INSERT INTO location (locationCode, province, city, fullLocation) VALUES ('112130', '전라남도', '여수시', '전라남도 여수시');
INSERT INTO location (locationCode, province, city, fullLocation) VALUES ('112140', '전라남도', '영광군', '전라남도 영광군');
INSERT INTO location (locationCode, province, city, fullLocation) VALUES ('112150', '전라남도', '영암군', '전라남도 영암군');
INSERT INTO location (locationCode, province, city, fullLocation) VALUES ('112160', '전라남도', '완도군', '전라남도 완도군');
INSERT INTO location (locationCode, province, city, fullLocation) VALUES ('112170', '전라남도', '장성군', '전라남도 장성군');
INSERT INTO location (locationCode, province, city, fullLocation) VALUES ('112180', '전라남도', '장흥군', '전라남도 장흥군');
INSERT INTO location (locationCode, province, city, fullLocation) VALUES ('112190', '전라남도', '진도군', '전라남도 진도군');
INSERT INTO location (locationCode, province, city, fullLocation) VALUES ('112200', '전라남도', '함평군', '전라남도 함평군');
INSERT INTO location (locationCode, province, city, fullLocation) VALUES ('112210', '전라남도', '해남군', '전라남도 해남군');
INSERT INTO location (locationCode, province, city, fullLocation) VALUES ('112220', '전라남도', '화순군', '전라남도 화순군');
INSERT INTO location (locationCode, province, city, fullLocation) VALUES ('113000', '전라북도', NULL, '전라북도');
INSERT INTO location (locationCode, province, city, fullLocation) VALUES ('113010', '전라북도', '고창군', '전라북도 고창군');
INSERT INTO location (locationCode, province, city, fullLocation) VALUES ('113020', '전라북도', '군산시', '전라북도 군산시');
INSERT INTO location (locationCode, province, city, fullLocation) VALUES ('113030', '전라북도', '김제시', '전라북도 김제시');
INSERT INTO location (locationCode, province, city, fullLocation) VALUES ('113040', '전라북도', '남원시', '전라북도 남원시');
INSERT INTO location (locationCode, province, city, fullLocation) VALUES ('113050', '전라북도', '무주군', '전라북도 무주군');
INSERT INTO location (locationCode, province, city, fullLocation) VALUES ('113060', '전라북도', '부안군', '전라북도 부안군');
INSERT INTO location (locationCode, province, city, fullLocation) VALUES ('113070', '전라북도', '순창군', '전라북도 순창군');
INSERT INTO location (locationCode, province, city, fullLocation) VALUES ('113080', '전라북도', '완주군', '전라북도 완주군');
INSERT INTO location (locationCode, province, city, fullLocation) VALUES ('113090', '전라북도', '익산시', '전라북도 익산시');
INSERT INTO location (locationCode, province, city, fullLocation) VALUES ('113100', '전라북도', '임실군', '전라북도 임실군');
INSERT INTO location (locationCode, province, city, fullLocation) VALUES ('113110', '전라북도', '장수군', '전라북도 장수군');
INSERT INTO location (locationCode, province, city, fullLocation) VALUES ('113120', '전라북도', '전주시', '전라북도 전주시');
INSERT INTO location (locationCode, province, city, fullLocation) VALUES ('113130', '전라북도', '전주시 덕진구', '전라북도 전주시 덕진구');
INSERT INTO location (locationCode, province, city, fullLocation) VALUES ('113140', '전라북도', '전주시 완산구', '전라북도 전주시 완산구');
INSERT INTO location (locationCode, province, city, fullLocation) VALUES ('113150', '전라북도', '정읍시', '전라북도 정읍시');
INSERT INTO location (locationCode, province, city, fullLocation) VALUES ('113160', '전라북도', '진안군', '전라북도 진안군');
INSERT INTO location (locationCode, province, city, fullLocation) VALUES ('114000', '충청북도', NULL, '충청북도');
INSERT INTO location (locationCode, province, city, fullLocation) VALUES ('114010', '충청북도', '괴산군', '충청북도 괴산군');
INSERT INTO location (locationCode, province, city, fullLocation) VALUES ('114020', '충청북도', '단양군', '충청북도 단양군');
INSERT INTO location (locationCode, province, city, fullLocation) VALUES ('114030', '충청북도', '보은군', '충청북도 보은군');
INSERT INTO location (locationCode, province, city, fullLocation) VALUES ('114040', '충청북도', '영동군', '충청북도 영동군');
INSERT INTO location (locationCode, province, city, fullLocation) VALUES ('114050', '충청북도', '옥천군', '충청북도 옥천군');
INSERT INTO location (locationCode, province, city, fullLocation) VALUES ('114060', '충청북도', '음성군', '충청북도 음성군');
INSERT INTO location (locationCode, province, city, fullLocation) VALUES ('114070', '충청북도', '제천시', '충청북도 제천시');
INSERT INTO location (locationCode, province, city, fullLocation) VALUES ('114080', '충청북도', '증평군', '충청북도 증평군');
INSERT INTO location (locationCode, province, city, fullLocation) VALUES ('114090', '충청북도', '진천군', '충청북도 진천군');
INSERT INTO location (locationCode, province, city, fullLocation) VALUES ('114100', '충청북도', '청원군', '충청북도 청원군');
INSERT INTO location (locationCode, province, city, fullLocation) VALUES ('114110', '충청북도', '청주시', '충청북도 청주시');
INSERT INTO location (locationCode, province, city, fullLocation) VALUES ('114120', '충청북도', '청주시 상당구', '충청북도 청주시 상당구');
INSERT INTO location (locationCode, province, city, fullLocation) VALUES ('114130', '충청북도', '청주시 흥덕구', '충청북도 청주시 흥덕구');
INSERT INTO location (locationCode, province, city, fullLocation) VALUES ('114140', '충청북도', '충주시', '충청북도 충주시');
INSERT INTO location (locationCode, province, city, fullLocation) VALUES ('114150', '충청북도', '청주시 청원구', '충청북도 청주시 청원구');
INSERT INTO location (locationCode, province, city, fullLocation) VALUES ('114160', '충청북도', '청주시 서원구', '충청북도 청주시 서원구');
INSERT INTO location (locationCode, province, city, fullLocation) VALUES ('115000', '충청남도', NULL, '충청남도');
INSERT INTO location (locationCode, province, city, fullLocation) VALUES ('115010', '충청남도', '계룡시', '충청남도 계룡시');
INSERT INTO location (locationCode, province, city, fullLocation) VALUES ('115020', '충청남도', '공주시', '충청남도 공주시');
INSERT INTO location (locationCode, province, city, fullLocation) VALUES ('115030', '충청남도', '금산군', '충청남도 금산군');
INSERT INTO location (locationCode, province, city, fullLocation) VALUES ('115040', '충청남도', '논산시', '충청남도 논산시');
INSERT INTO location (locationCode, province, city, fullLocation) VALUES ('115050', '충청남도', '당진시', '충청남도 당진시');
INSERT INTO location (locationCode, province, city, fullLocation) VALUES ('115060', '충청남도', '보령시', '충청남도 보령시');
INSERT INTO location (locationCode, province, city, fullLocation) VALUES ('115070', '충청남도', '부여군', '충청남도 부여군');
INSERT INTO location (locationCode, province, city, fullLocation) VALUES ('115080', '충청남도', '서산시', '충청남도 서산시');
INSERT INTO location (locationCode, province, city, fullLocation) VALUES ('115090', '충청남도', '서천군', '충청남도 서천군');
INSERT INTO location (locationCode, province, city, fullLocation) VALUES ('115100', '충청남도', '아산시', '충청남도 아산시');
INSERT INTO location (locationCode, province, city, fullLocation) VALUES ('115110', '충청남도', '연기군', '충청남도 연기군');
INSERT INTO location (locationCode, province, city, fullLocation) VALUES ('115120', '충청남도', '예산군', '충청남도 예산군');
INSERT INTO location (locationCode, province, city, fullLocation) VALUES ('115130', '충청남도', '천안시', '충청남도 천안시');
INSERT INTO location (locationCode, province, city, fullLocation) VALUES ('115133', '충청남도', '천안시 동남구', '충청남도 천안시 동남구');
INSERT INTO location (locationCode, province, city, fullLocation) VALUES ('115135', '충청남도', '천안시 서북구', '충청남도 천안시 서북구');
INSERT INTO location (locationCode, province, city, fullLocation) VALUES ('115140', '충청남도', '청양군', '충청남도 청양군');
INSERT INTO location (locationCode, province, city, fullLocation) VALUES ('115150', '충청남도', '태안군', '충청남도 태안군');
INSERT INTO location (locationCode, province, city, fullLocation) VALUES ('115160', '충청남도', '홍성군', '충청남도 홍성군');
INSERT INTO location (locationCode, province, city, fullLocation) VALUES ('116000', '제주특별자치도', NULL, '제주특별자치도');
INSERT INTO location (locationCode, province, city, fullLocation) VALUES ('116030', '제주특별자치도', '서귀포시', '제주특별자치도 서귀포시');
INSERT INTO location (locationCode, province, city, fullLocation) VALUES ('116040', '제주특별자치도', '제주시', '제주특별자치도 제주시');
INSERT INTO location (locationCode, province, city, fullLocation) VALUES ('117000', '전국', NULL, '전국');
INSERT INTO location (locationCode, province, city, fullLocation) VALUES ('118000', '세종특별자치시', '세종특별자치시', '세종특별자치시 세종특별자치시');

--------------------------------------------------
-- 1. company (기업 테이블)
--------------------------------------------------
INSERT INTO company 
    (name, businessNumber, industry, foundedDate, numEmployees, revenue, website, logoUrl, address, status)
VALUES 
    ('테스트주식회사', '1234567890', 'IT', '2010-01-01', 100, 50000000, 'http://testco.kr', 'http://testco.kr/logo.png', '서울특별시 강남구 테헤란로 123', 0),
    ('새로운IT회사', '9876543210', 'IT', '2015-05-10', 200, 150000000, 'http://newit.kr', 'http://newit.kr/logo.png', '경기도 성남시 분당구 판교로 88', 0),
    ('디자인스튜디오', '1122334455', '디자인', '2012-08-15', 50, 20000000, 'http://designstudio.com', NULL, '부산광역시 해운대구 해운대로 100', 0),
    ('스타트업A', '5544332211', 'IT', '2020-07-15', 30, 5000000, 'http://startupA.com', NULL, '경기도 수원시 팔달구', 0),
    ('헬스케어기업B', '6677889900', '의료', '2018-04-23', 120, 90000000, 'http://healthB.com', 'http://healthB.com/logo.png', '서울특별시 마포구', 0);

--------------------------------------------------
-- 2. admin (관리자 테이블)
--------------------------------------------------
INSERT INTO admin 
    (email, password, name, role, createdAt)
VALUES 
    ('admin1@example.com', 'pw_hash_01', '김철수', 1, CURRENT_TIMESTAMP),
    ('admin2@example.com', 'pw_hash_02', '이영희', 2, CURRENT_TIMESTAMP),
    ('admin3@example.com', 'pw_hash_03', '박상혁', 2, CURRENT_TIMESTAMP),
    ('admin4@example.com', 'pw_hash_04', '최지수', 2, CURRENT_TIMESTAMP);

--------------------------------------------------
-- 3. jobCategory (직무 코드 테이블)
--------------------------------------------------
--------------------------------------------------
-- jobCategory 테이블에 "기획·전략" 관련 직종 데이터 삽입 스크립트
--------------------------------------------------

-- 1. 상위 직무(부모 카테고리) 삽입: 기획·전략
INSERT INTO jobCategory (jobCode, jobName, parentCode)
VALUES ('16', '기획·전략', NULL);

-- 2. 하위 직무(자식 카테고리) 삽입: parentCode는 상위 직무의 jobCode인 '16' 사용
INSERT INTO jobCategory (jobCode, jobName, parentCode) VALUES
('2259', '리스크 관리', '16'),
('2225', '경영관리', '16'),
('2258', 'CSO', '16'),
('2257', 'CIO', '16'),
('2205', '기획', '16'),
('1624', '게임기획', '16'),
('1652', '경영분석', '16'),
('1625', '경영기획', '16'),
('1653', '경영컨설팅', '16'),
('1626', '광고기획', '16'),
('1654', '경영혁신(PI)', '16'),
('1627', '교육기획', '16'),
('1655', '금융컨설팅', '16'),
('1656', '레벨디자인', '16'),
('1628', '기술기획', '16'),
('1657', '리서치', '16'),
('1629', '마케팅기획', '16'),
('1658', '데이터분석', '16'),
('1630', '문화기획', '16'),
('1659', '사업개발', '16'),
('1631', '법인장', '16'),
('1660', '사업관리', '16'),
('1632', '브랜드기획', '16'),
('1661', '사업제휴', '16'),
('1633', '사업기획', '16'),
('1634', '상품기획', '16'),
('1662', '스토리보드', '16'),
('1635', '서비스기획', '16'),
('1663', '시장조사', '16'),
('1664', '신사업기획', '16'),
('1636', '앱기획', '16'),
('1665', '신사업발굴', '16'),
('1637', '웹기획', '16'),
('1666', '실적관리', '16'),
('1638', '인사기획', '16'),
('1667', '엑셀러레이팅', '16'),
('1639', '전략기획', '16'),
('1668', '예산관리', '16'),
('1640', '지점관리자', '16'),
('1669', '인큐베이팅', '16'),
('1641', '출판기획', '16'),
('1642', '컨설턴트', '16'),
('1670', '자료조사', '16'),
('1643', '행사기획', '16'),
('1671', '조직관리', '16'),
('1644', 'CEO', '16'),
('1672', '지속가능경영', '16'),
('1645', 'COO', '16'),
('1673', '창업컨설팅', '16'),
('1646', 'CTO', '16'),
('1674', '타당성검토', '16'),
('1647', 'IT컨설팅', '16'),
('1675', '투자전략', '16'),
('1648', 'PL(프로젝트리더)', '16'),
('1676', '트렌드분석', '16'),
('1677', '프로토타이핑', '16'),
('1649', 'PM(프로젝트매니저)', '16'),
('1678', '해외법인관리', '16'),
('1650', 'PMO', '16'),
('1679', 'BPR', '16'),
('1651', 'PO(프로덕트오너)', '16'),
('1680', 'BSC', '16'),
('1681', 'CSR', '16'),
('1682', 'ESG', '16'),
('1683', 'ISMP', '16'),
('1684', 'ISP', '16'),
('1685', 'KPI관리', '16'),
('1686', 'M&A', '16'),
('1687', 'MBO', '16'),
('1688', 'OKR', '16'),
('1689', 'RFP(제안요청서)', '16'),
('1690', 'UI/UX', '16');
--------------------------------------------------
-- jobCategory 테이블에 "마케팅·홍보·조사" 관련 직종 데이터 삽입 스크립트
-- 사람인 API 기준:
--  - 상위 직무 코드: '14' (마케팅·홍보·조사)
--  - 하위 직무 코드와 직무 키워드명은 각각 job.position 에서 받아온 값
--------------------------------------------------

-- 1. 상위 카테고리 삽입: 마케팅·홍보·조사
INSERT INTO jobCategory (jobCode, jobName, parentCode)
VALUES ('14', '마케팅·홍보·조사', NULL);

-- 2. 하위 카테고리 삽입: parentCode는 '14' (상위 직무 코드)
INSERT INTO jobCategory (jobCode, jobName, parentCode) VALUES
('2244', '라이센싱', '14'),
('2243', 'PPL', '14'),
('2242', 'CBO', '14'),
('2210', '홍보', '14'),
('2201', '마케팅', '14'),
('1411', '병원마케팅', '14'),
('1449', '검색광고', '14'),
('1412', '마케팅기획', '14'),
('1450', '광고주관리', '14'),
('1413', '마케팅전략', '14'),
('1451', '광고캠페인', '14'),
('1414', '블로그마케팅', '14'),
('1452', '그로스해킹', '14'),
('1453', '매체관리', '14'),
('1415', '스포츠마케팅', '14'),
('1454', '배너광고', '14'),
('1416', '인플루언서마케팅', '14'),
('1455', '비딩', '14'),
('1417', '체험마케팅', '14'),
('1418', '행사기획', '14'),
('1456', '사보/뉴스레터', '14'),
('1457', '사회조사', '14'),
('1419', 'SNS마케팅', '14'),
('1458', '설문조사', '14'),
('1420', '콘텐츠기획', '14'),
('1421', '광고마케팅', '14'),
('1459', '세일즈프로모션', '14'),
('1422', '광고PD', '14'),
('1460', '시장조사', '14'),
('1461', '언론홍보', '14'),
('1423', '글로벌마케팅', '14'),
('1462', '옥외광고', '14'),
('1424', '기업홍보', '14'),
('1463', '이벤트프로모션', '14'),
('1425', '디지털마케팅', '14'),
('1426', '모바일마케팅', '14'),
('1464', '채널관리', '14'),
('1465', '키워드광고', '14'),
('1427', '미디어플래너', '14'),
('1466', '통계/분석', '14'),
('1428', '바이럴마케팅', '14'),
('1429', '브랜드마케팅', '14'),
('1467', '퍼블리시티', '14'),
('1430', '비즈니스마케팅', '14'),
('1468', 'ATL', '14'),
('1431', '오프라인마케팅', '14'),
('1469', 'BTL', '14'),
('1432', '온라인마케팅', '14'),
('1470', 'IMC', '14'),
('1433', '제휴마케팅', '14'),
('1471', 'MCN', '14'),
('1472', 'MICE', '14'),
('1434', '조사원', '14'),
('1473', 'RFP(제안요청서)', '14'),
('1435', '콘텐츠마케팅', '14'),
('1474', 'SEO', '14'),
('1436', '콘텐츠에디터', '14'),
('1437', '퍼포먼스마케팅', '14'),
('1438', '프로덕트마케팅', '14'),
('1439', 'AD(아트디렉터)', '14'),
('1440', 'AE(광고기획자)', '14'),
('1441', 'AM(어카운트매니저)', '14'),
('1442', 'B2B마케팅', '14'),
('1443', 'BM(브랜드매니저)', '14'),
('1444', 'CD(크리에이티브디렉터)', '14'),
('1445', 'CMO', '14'),
('1446', 'CRM마케팅', '14'),
('1447', 'CW(카피라이터)', '14'),
('1448', 'MW(메디컬라이터)', '14');


--------------------------------------------------
-- 4. communityTag (게시글 태그 테이블)
--------------------------------------------------
INSERT INTO communityTag 
    (name, status)
VALUES 
    ('면접', 0),
    ('이직', 0),
    ('연봉', 0),
    ('취업', 0),
    ('자기소개서', 0),
    ('커리어', 0),
    ('자격증', 0);


--------------------------------------------------
-- 5. account (계정 테이블)
--------------------------------------------------
INSERT INTO account 
    (email, password, name, position, phone, accountType, oauthProvider, oauthId, companyId, status)
VALUES 
    -- 개인 계정 (position은 NULL)
    ('user1@example.com', NULL, '홍길동', NULL, '010-1111-2222', 0, 1, 'google_uid_001', NULL, 0),  -- GOOGLE(1)
    ('user2@example.com', NULL, '이순신', NULL, '010-5555-6666', 0, 3, 'naver_uid_002', NULL, 0),   -- NAVER(3)
    ('user3@example.com', 'pw_hash_03', '김유신', NULL, '010-7777-8888', 0, NULL, NULL, NULL, 0),      -- NONE(0)
    ('user4@example.com', NULL, '강민수', NULL, '010-2222-3333', 0, 1, 'google_uid_004', NULL, 0),  -- GOOGLE(1)
    ('user5@example.com', 'pw_hash_05', '정혜진', NULL, '010-4444-5555', 0, NULL, NULL, NULL, 0),      -- NONE(0)
    -- 기업 계정 (position 추가, companyId는 해당 기업 ID)
    ('hr@testco.kr', 'pw_hash_hr', '김팀장', '인사팀장', '010-3333-4444', 1, NULL, NULL, 1, 0),           -- 테스트주식회사
    ('hr@newit.kr', 'pw_hash_hr', '김인사', '채용 담당자', '010-5555-9999', 1, NULL, NULL, 2, 0),          -- 새로운IT회사
    ('hr@designstudio.com', 'pw_hash_hr', '이디자인', 'HR 매니저', '010-8888-9999', 1, NULL, NULL, 3, 0),   -- 디자인스튜디오
    ('hr@startupA.com', 'pw_hash_hr', '이스타트업', '채용 담당자', '010-6666-7777', 1, NULL, NULL, 4, 0),    -- 스타트업A
    ('hr@healthB.com', 'pw_hash_hr', '박헬스', '채용 관리자', '010-2222-4444', 1, NULL, NULL, 5, 0);       -- 헬스케어기업B


--------------------------------------------------
-- 6. profile (구직자 프로필 테이블)
--------------------------------------------------
INSERT INTO profile 
   (accountId, locationId, experienceLevel, educationLevel, skills, desiredJob, desiredLocationId, desiredSalaryCode, profileImageUrl)
VALUES 
   (1, 1, 3, 4, 'Java, Spring, SQL', '백엔드 개발자', 1, 16, 'http://example.com/profile/honggildong.png'),
   (2, 3, 5, 4, 'React, Node.js, GraphQL', '프론트엔드 개발자', 3, 18, 'http://example.com/profile/leesoonshin.png'),
   (3, 2, 4, 5, 'Python, Spark, AWS', '데이터 엔지니어', 2, 17, 'http://example.com/profile/kimyushin.png'),
   (4, 5, 1, 3, 'C++, Python, ML', 'AI 엔지니어', 5, 15, 'http://example.com/profile/kangminsu.png'),
   (5, 6, 2, 4, 'Node.js, Express, MongoDB', '백엔드 개발자', 6, 16, 'http://example.com/profile/junghyejin.png');
   
   
--------------------------------------------------
-- 7. jobPosting (채용 공고 테이블)
-- 사람인 API에서 수집한 채용 공고 데이터를 저장하는 메인 테이블
--------------------------------------------------
INSERT INTO jobPosting 
(
    jobId, 
    companyId, 
    businessAccountId, 
    title, 
    jobUrl, 
    industry, 
    jobType, 
    locationCode, 
    experienceLevel, 
    educationLevel, 
    salaryCode, 
    salaryRange, 
    postingDate, 
    openingDate, 
    expirationDate, 
    closeType, 
    viewCount, 
    applyCount, 
    keyword, 
    status
)
VALUES 
-- 공고 1: 백엔드 신입 개발자 채용
('DUMMY001', 1, NULL, '[더미공고] 백엔드 신입 개발자 채용', 'http://dummy.com/jobs/backend001', 'IT·웹·통신', '정규직', '101000', 1, 4, 1, '3000~4000만원', '2025-03-25 10:00:00', '2025-03-20 09:00:00', '2025-04-25 10:00:00', 1, 100, 12, 'Java,Spring,MySQL', 2),

-- 공고 2: 프론트엔드 경력직 채용
('DUMMY002', 2, NULL, '[더미공고] 프론트엔드 경력직 채용', 'http://dummy.com/jobs/frontend002', 'IT·웹·통신', '계약직', '101200', 3, 4, 2, '4000~6000만원', '2025-03-25 11:00:00', '2025-03-21 09:00:00', '2025-04-30 10:00:00', 2, 150, 7, 'React,TypeScript,HTML,CSS', 2),

-- 공고 3: 데이터 엔지니어 채용
('DUMMY003', 3, NULL, '[더미공고] 데이터 엔지니어 채용', 'http://dummy.com/jobs/data003', '데이터·AI', '정규직', '102300', 2, 5, 1, '5000~7000만원', '2025-03-26 09:00:00', '2025-03-22 09:00:00', '2025-05-01 09:00:00', 1, 200, 4, 'Python,SQL,AWS', 2);



--------------------------------------------------
-- 7. jobPostingViewLog (공고 조회 테이블)
--------------------------------------------------
INSERT INTO jobPostingViewLog (profileId, jobPostingId, createdAt)
VALUES
(1, 1, '2025-03-21 09:10:00'),  -- 프로필 1이 공고 1을 조회한 시간
(1, 2, '2025-03-22 10:00:00'),  -- 프로필 1이 공고 2를 조회한 시간
(2, 3, '2025-03-22 11:30:00'),  -- 프로필 2가 공고 3을 조회한 시간
(3, 1, '2025-03-23 09:45:00'),  -- 프로필 3이 공고 1을 조회한 시간
(3, 2, '2025-03-23 14:00:00'),  -- 프로필 3이 공고 2를 조회한 시간
(4, 3, '2025-03-24 08:30:00'),  -- 프로필 4가 공고 3을 조회한 시간
(5, 1, '2025-03-24 10:00:00');  -- 프로필 5가 공고 1을 조회한 시간


--------------------------------------------------
-- 8. resume (이력서 정보 테이블)
--------------------------------------------------
INSERT INTO resume 
    (profileId, title, resumeType, resumeFile, resumeUrl, overview, coverLetterId, extraLink1, extraLink2, status)
VALUES 
    (1, '홍길동 이력서', 0, NULL, NULL, '3년 경력의 백엔드 개발자입니다.', NULL, 'http://github.com/honggildong', 'http://linkedin.com/in/honggildong', 0),
    (2, '이순신 이력서', 1, 'http://example.com/resume/leesoonshin.pdf', NULL, '프론트엔드 개발자로 성장하고 있습니다.', NULL, 'http://github.com/leesoonshin', 'http://linkedin.com/in/leesoonshin', 0),
    (4, '강민수 이력서', 0, NULL, NULL, '딥러닝 연구와 머신러닝 프로젝트를 수행했습니다.', NULL, 'http://github.com/kangminsu', 'http://linkedin.com/in/kangminsu', 0);

--------------------------------------------------
-- 9. application (지원서 테이블)
--------------------------------------------------
INSERT INTO application 
    (profileId, jobPostingId, resumeId, status)
VALUES 
    (1, 1, 1, 0),
    (2, 2, 2, 1),
    (4, 3, 3, 0);

--------------------------------------------------
-- 10. bookmark (채용 공고 북마크 테이블)
--------------------------------------------------
INSERT INTO bookmark 
    (accountId, jobPostingId)
VALUES 
    (1, 1),
    (2, 2),
    (4, 3);


--------------------------------------------------
-- 11. payment (결제 테이블)
--------------------------------------------------
INSERT INTO payment 
    (accountId, amount, status, provider, method, transactionId, createdAt, updatedAt)
VALUES 
    (6, 250.00, 1, 1, 1, 'TXN001', CURRENT_TIMESTAMP, CURRENT_TIMESTAMP),  -- 기업 담당자 6 (테스트주식회사), TOSS, CARD
    (7, 350.00, 1, 2, 2, 'TXN002', CURRENT_TIMESTAMP, CURRENT_TIMESTAMP), -- 기업 담당자 7 (새로운IT회사), KAKAO, KAKAO_PAY
    (8, 450.00, 1, 3, 3, 'TXN003', CURRENT_TIMESTAMP, CURRENT_TIMESTAMP); -- 기업 담당자 8 (스타트업A), NAVER, NAVER_PAY
    
    
--------------------------------------------------
-- 12. systemLog (시스템 로그 테이블)
--------------------------------------------------
INSERT INTO systemLog 
    (accountId, adminId, logType, module, action, ipAddress, createdAt)
VALUES 
    (1, 1, 0, 1, '로그인 성공', '192.168.1.100', CURRENT_TIMESTAMP),           -- SECURITY(0), USER(1)
    (2, NULL, 0, 1, '비밀번호 변경', '192.168.1.102', CURRENT_TIMESTAMP),       -- SECURITY(0), USER(1)
    (4, NULL, 0, 1, '이중 인증 설정', '192.168.1.104', CURRENT_TIMESTAMP),      -- SECURITY(0), USER(1)
    (NULL, 2, 2, 7, '시스템 설정 변경', '192.168.1.200', CURRENT_TIMESTAMP),    -- USER(2), ADMIN(7)
    (3, NULL, 1, 6, '결제 시도', '192.168.1.103', CURRENT_TIMESTAMP),           -- TRANSACTION(1), PAYMENT(6)
    (5, NULL, 1, 5, '지원서 제출', '192.168.1.105', CURRENT_TIMESTAMP),         -- TRANSACTION(1), APPLICATION(5)
    (NULL, 1, 2, 3, '채용공고 승인', '192.168.1.201', CURRENT_TIMESTAMP),       -- USER(2), JOB_POSTING(3)
    (6, NULL, 1, 2, '기업정보 업데이트', '192.168.1.106', CURRENT_TIMESTAMP),   -- TRANSACTION(1), COMPANY(2)
    (7, NULL, 0, 2, '기업계정 접속', '192.168.1.107', CURRENT_TIMESTAMP),       -- SECURITY(0), COMPANY(2)
    (NULL, 3, 2, 1, '문의 처리 완료', '192.168.1.202', CURRENT_TIMESTAMP);     -- USER(2), USER(1) 또는 적절한 모듈값



--------------------------------------------------
-- 13. customerSupport (고객센터 문의 테이블) - 미처리 문의
--------------------------------------------------
INSERT INTO customerSupport 
    (accountId, adminId, category, title, description, response, status, createdAt, updatedAt)
VALUES 
    (1, NULL, 1, '계정 로그인 문제', '계정 로그인 시 비밀번호 오류가 계속 발생합니다.', NULL, 0, CURRENT_TIMESTAMP, CURRENT_TIMESTAMP),         -- SERVICE(1), PENDING(0)
    (2, NULL, 0, '결제 오류 발생', '카드 결제 시 오류 메시지가 뜨고 진행되지 않습니다.', NULL, 0, CURRENT_TIMESTAMP, CURRENT_TIMESTAMP),           -- PAYMENT(0), PENDING(0)
    (3, NULL, 7, '서비스 이용 관련 문의', '서비스 이용 방법이 궁금합니다.', NULL, 0, CURRENT_TIMESTAMP, CURRENT_TIMESTAMP);                       -- OTHER(7), PENDING(0)

--------------------------------------------------
-- 14. customerSupport (고객센터 문의 테이블) - 처리 완료 문의
--------------------------------------------------
INSERT INTO customerSupport 
    (accountId, adminId, category, title, description, response, status, createdAt, updatedAt)
VALUES 
    (1, 1, 1, '비밀번호 재설정 문의', '비밀번호 재설정 이메일을 받지 못했습니다.', '비밀번호 재설정 이메일을 다시 발송해드렸습니다.', 2, CURRENT_TIMESTAMP, CURRENT_TIMESTAMP),    -- SERVICE(1), RESOLVED(2)
    (2, 1, 0, '환불 요청', '잘못 결제한 금액을 환불받고 싶습니다.', '환불 요청이 정상적으로 처리되었습니다. 3~5 영업일 이내 입금될 예정입니다.', 2, CURRENT_TIMESTAMP, CURRENT_TIMESTAMP),     -- PAYMENT(0), RESOLVED(2)
    (3, 2, 2, '회원 탈퇴 방법', '회원 탈퇴는 어떻게 하나요?', '설정 페이지에서 회원 탈퇴 요청이 가능합니다.', 2, CURRENT_TIMESTAMP, CURRENT_TIMESTAMP);     -- ACCOUNT(2), RESOLVED(2)


--------------------------------------------------
-- 15. interviewReview (면접 리뷰 테이블) 데이터 삽입
--------------------------------------------------
--------------------------------------------------
-- 15. interviewReview (면접 리뷰 테이블) 데이터 삽입
--------------------------------------------------
INSERT INTO interviewReview 
    (profileId, companyId, applicationId, jobCategoryId, careerLevel, interviewYearMonth, 
     rating, difficulty, interviewType, interviewParticipants, 
     hasFrequentQuestions, questionsAsked, interviewTip, result)
VALUES 
    -- 신입 개발자 면접 리뷰 (긍정적 평가, 합격)
    (1, 1, 1, 1, 0, '2025-03', 
     2, 3, 1, 0, 
     FALSE, '1. 자기소개를 해주세요.\n2. 프로젝트에서 가장 어려웠던 문제는 무엇이었나요?\n3. RESTful API에 대해 설명해주세요.', 
     '기술적인 질문에 대비하여 최신 트렌드를 공부하면 좋습니다. 면접 전에 회사의 제품을 사용해보는 것이 도움이 됩니다.', 
     1),
     
    -- 경력 마케팅 직무 면접 리뷰 (중립적 평가, 대기중)
    (2, 2, 2, 2, 1, '2025-02', 
     1, 4, 9, 1, 
     TRUE, '1. 이전 회사에서의 마케팅 전략은 어떻게 수립했나요?\n2. 본인이 진행했던 가장 성공적인 마케팅 캠페인은?\n3. 우리 회사 제품을 어떻게 마케팅 하시겠습니까?', 
     '마케팅 KPI에 대한 구체적인 수치와 사례를 준비하는 것이 중요합니다. PT 면접에서는 발표 시간 배분에 신경쓰세요.', 
     2),
     
    -- 신입 디자인 직무 면접 리뷰 (부정적 평가, 불합격)
    (3, 3, 3, 3, 0, '2025-01', 
     0, 5, 19, 2, 
     FALSE, '1. 디자인 포트폴리오에 대해 설명해주세요.\n2. 피드백을 받고 디자인을 수정한 경험이 있나요?\n3. 우리 회사의 브랜드 이미지를 어떻게 생각하시나요?', 
     '그룹 면접에서는 자신의 의견을 명확하게 전달하되 다른 지원자의 의견도 존중하는 태도가 중요합니다. 실무 과제는 기한을 꼭 지켜서 제출하세요.', 
     0);

--------------------------------------------------
-- 16. calendarEvent (캘린더 이벤트 테이블) - 개인 계정 일정 (구직자)
--------------------------------------------------
INSERT INTO calendarEvent 
    (accountId, companyId, eventType, title, description, relatedId, startDateTime, endDateTime, isAllDay, createdAt, updatedAt)
VALUES 
    (1, NULL, 1, '백엔드 개발자 면접', '테스트주식회사 면접 일정입니다.', 1, '2025-04-01 10:00:00', '2025-04-01 11:00:00', FALSE, CURRENT_TIMESTAMP, CURRENT_TIMESTAMP),
    (2, NULL, 2, '지원 마감', '프론트엔드 개발자 지원 마감일입니다.', 2, '2025-04-05 23:59:59', '2025-04-05 23:59:59', TRUE, CURRENT_TIMESTAMP, CURRENT_TIMESTAMP),
    (3, NULL, 5, '기술 세미나 참석', 'Spring Boot & Cloud 세미나 참석', NULL, '2025-04-10 14:00:00', '2025-04-10 17:00:00', FALSE, CURRENT_TIMESTAMP, CURRENT_TIMESTAMP);

--------------------------------------------------
-- 16. calendarEvent (캘린더 이벤트 테이블) - 기업 계정 일정 (HR 담당자)
--------------------------------------------------
INSERT INTO calendarEvent 
    (accountId, companyId, eventType, title, description, relatedId, startDateTime, endDateTime, isAllDay, createdAt, updatedAt)
VALUES 
    (6, 1, 1, '1차 기술 면접', '백엔드 개발자 채용 면접 진행', 1, '2025-04-02 13:00:00', '2025-04-02 15:00:00', FALSE, CURRENT_TIMESTAMP, CURRENT_TIMESTAMP),
    (6, 1, 5, '내부 회의', '채용 진행 상황 점검 미팅', NULL, '2025-04-03 10:00:00', '2025-04-03 11:30:00', FALSE, CURRENT_TIMESTAMP, CURRENT_TIMESTAMP),
    (7, 2, 4, '회사 네트워킹 데이', '임직원 대상 네트워킹 행사', NULL, '2025-04-07 09:00:00', '2025-04-07 18:00:00', TRUE, CURRENT_TIMESTAMP, CURRENT_TIMESTAMP);


--------------------------------------------------
-- 17. chatRoom (채팅방 테이블)
--------------------------------------------------
INSERT INTO chatRoom 
    (companyId, businessAccountId, personalAccountId, jobPostingId, status, createdAt)
VALUES 
    (1, 6, 1, 1, 0, CURRENT_TIMESTAMP), -- 기업 1과 개인 1 간 채팅방
    (2, 7, 2, 2, 0, CURRENT_TIMESTAMP), -- 기업 2와 개인 2 간 채팅방
    (4, 8, 4, 3, 0, CURRENT_TIMESTAMP); -- 스타트업 A와 개인 4 간 채팅방

--------------------------------------------------
-- 18. chatMessage (채팅 메시지 테이블)
--------------------------------------------------
INSERT INTO chatMessage 
    (chatRoomId, senderId, senderType, message, createdAt, isRead)
VALUES 
    (1, 1, 0, '안녕하세요, 채용 관련 문의드립니다.', CURRENT_TIMESTAMP, 0),
    (1, 6, 1, '안녕하세요, 어떤 문의사항이 있으신가요?', CURRENT_TIMESTAMP, 0),
    (2, 2, 0, '이 회사에 대해 궁금한 점이 있습니다.', CURRENT_TIMESTAMP, 0),
    (2, 7, 1, '네, 질문 주시면 답변드리겠습니다.', CURRENT_TIMESTAMP, 0),
    (3, 4, 0, 'AI 연구원 채용 관련 문의드립니다.', CURRENT_TIMESTAMP, 0),
    (3, 8, 1, '네, AI 관련 직무에 대해 안내드리겠습니다.', CURRENT_TIMESTAMP, 0);

--------------------------------------------------
-- 19. offer (채용 제안 테이블)
--------------------------------------------------
INSERT INTO offer 
    (businessAccountId, companyId, personalAccountId, chatRoomId, status, message, createdAt, updatedAt)
VALUES 
    (6, 1, 1, 1, 0, '귀하의 프로필을 검토한 결과, 채용 제안을 드립니다.', CURRENT_TIMESTAMP, CURRENT_TIMESTAMP),
    (7, 2, 2, 2, 0, '귀하의 경력을 보고 연락드립니다.', CURRENT_TIMESTAMP, CURRENT_TIMESTAMP),
    (8, 4, 4, 3, 0, 'AI 연구원 포지션에 관심이 있으실까요?', CURRENT_TIMESTAMP, CURRENT_TIMESTAMP);

--------------------------------------------------
-- 20. communityPost (커뮤니티 게시글 테이블)
--------------------------------------------------
INSERT INTO communityPost 
    (accountId, tagId, title, content, likeCount, commentCount, status, createdAt, updatedAt)
VALUES 
    (1, 1, '면접 후기 공유합니다.', '오늘 면접을 봤는데 이런 질문을 받았습니다...', 15, 5, 0, CURRENT_TIMESTAMP, CURRENT_TIMESTAMP),
    (2, 2, '이직 고민입니다.', '현재 이직을 해야 할지 고민이 됩니다.', 10, 3, 0, CURRENT_TIMESTAMP, CURRENT_TIMESTAMP),
    (4, 3, 'AI 업계 전망', '최근 AI 시장이 빠르게 변화하고 있는데...', 8, 2, 0, CURRENT_TIMESTAMP, CURRENT_TIMESTAMP);

--------------------------------------------------
-- 21. communityComment (커뮤니티 댓글 테이블)
--------------------------------------------------
INSERT INTO communityComment 
    (postId, accountId, content, status, createdAt, updatedAt)
VALUES 
    (1, 2, '저도 비슷한 면접을 봤어요!', 0, CURRENT_TIMESTAMP, CURRENT_TIMESTAMP),
    (1, 3, '이런 질문은 어떻게 대답하면 좋을까요?', 0, CURRENT_TIMESTAMP, CURRENT_TIMESTAMP),
    (2, 4, '이직은 상황을 잘 고려하고 결정해야 해요.', 0, CURRENT_TIMESTAMP, CURRENT_TIMESTAMP),
    (3, 5, 'AI 관련 논문을 읽어보시는 것도 추천합니다.', 0, CURRENT_TIMESTAMP, CURRENT_TIMESTAMP);

--------------------------------------------------
-- 22. communityLike (게시글 좋아요 테이블)
--------------------------------------------------
INSERT INTO communityLike 
    (accountId, postId, createdAt)
VALUES 
    (1, 1, CURRENT_TIMESTAMP),
    (2, 1, CURRENT_TIMESTAMP),
    (3, 2, CURRENT_TIMESTAMP),
    (4, 3, CURRENT_TIMESTAMP);

--------------------------------------------------
-- 23. jobPostingJobCategory (공고 - 직무 관계 테이블)
--------------------------------------------------
INSERT INTO jobPostingJobCategory 
    (jobPostingId, jobCategoryId, createdAt)
VALUES 
    (1, 1, CURRENT_TIMESTAMP), -- 백엔드 개발자
    (2, 2, CURRENT_TIMESTAMP), -- 프론트엔드 개발자
    (3, 5, CURRENT_TIMESTAMP); -- AI 연구원

--------------------------------------------------
-- 24. advertisement (광고 테이블)
--------------------------------------------------
INSERT INTO advertisement 
    (jobPostingId, companyId, adType, status, durationDays, startDate, endDate, paymentId, createdAt)
VALUES 
    (1, 1, 3, 1, 30, '2025-03-21 00:00:00', '2025-04-20 23:59:59', 1, CURRENT_TIMESTAMP),
    (2, 2, 2, 1, 15, '2025-03-25 00:00:00', '2025-04-09 23:59:59', 2, CURRENT_TIMESTAMP),
    (3, 4, 1, 1, 7, '2025-04-01 00:00:00', '2025-04-08 23:59:59', 3, CURRENT_TIMESTAMP);


--------------------------------------------------
-- 25. notification (알림 테이블)
--------------------------------------------------
INSERT INTO notification 
    (accountId, notificationType, message, relatedId, isRead, createdAt)
VALUES 
    (1, 1, '귀하의 지원서 상태가 변경되었습니다.', 1, 0, CURRENT_TIMESTAMP),
    (2, 2, '면접 일정이 등록되었습니다.', 2, 0, CURRENT_TIMESTAMP),
    (4, 4, '새로운 채용 제안을 받았습니다.', 3, 0, CURRENT_TIMESTAMP);


--------------------------------------------------
-- 26. resumeViewLog (이력서 열람 로그 테이블)
--------------------------------------------------
INSERT INTO resumeViewLog 
    (resumeId, companyId, applicationId, viewType, isNotified, createdAt)
VALUES 
    (1, 1, 1, 1, FALSE, CURRENT_TIMESTAMP), 
    (2, 2, 2, 1, TRUE, CURRENT_TIMESTAMP);


--------------------------------------------------
-- 27. advertisement 테이블 더미 데이터 (시간적 연속성, 광고 유형 변경, 상태 변경 등 반영)
--------------------------------------------------
INSERT INTO advertisement 
    (jobPostingId, companyId, adType, status, durationDays, startDate, endDate, paymentId, createdAt)
VALUES 
    -- 공고 1 (백엔드 신입 개발자 채용)의 광고 이력
    (1, 1, 1, 3, 15, '2025-02-15 00:00:00', '2025-03-02 23:59:59', 1, '2025-02-14 10:30:00'),  -- 첫 번째 BASIC 광고 (만료됨)
    (1, 1, 2, 1, 30, '2025-03-03 00:00:00', '2025-04-02 23:59:59', 1, '2025-03-02 16:20:00'),  -- STANDARD로 업그레이드 (현재 활성)
    
    -- 공고 2 (프론트엔드 경력직 채용)의 광고 이력
    (2, 2, 1, 2, 15, '2025-03-01 00:00:00', '2025-03-16 23:59:59', 2, '2025-02-28 14:15:00'),  -- BASIC 광고 (일시 중지됨)
    (2, 2, 3, 1, 45, '2025-03-20 00:00:00', '2025-05-04 23:59:59', 2, '2025-03-19 11:10:00'),  -- PREMIUM으로 큰 업그레이드 (현재 활성)
    (2, 2, 1, 4, 30, '2025-05-05 00:00:00', '2025-06-04 23:59:59', 2, '2025-04-25 10:20:00'),  -- 연장을 위한 대기 중인 광고 (승인 대기)
    
    -- 공고 3 (데이터 엔지니어 채용)의 광고 이력
    (3, 3, 1, 3, 30, '2025-02-01 00:00:00', '2025-03-03 23:59:59', 3, '2025-01-31 09:45:00'),  -- 첫 번째 BASIC 광고 (만료됨)
    (3, 3, 2, 3, 30, '2025-03-04 00:00:00', '2025-04-03 23:59:59', 3, '2025-03-03 15:30:00'),  -- STANDARD 업그레이드 (만료됨)
    (3, 3, 3, 1, 60, '2025-04-04 00:00:00', '2025-06-03 23:59:59', 3, '2025-04-02 13:45:00');   -- PREMIUM으로 업그레이드 (현재 활성)


--------------------------------------------------
-- 28. resumeContent (이력서 상세 항목 테이블)
--------------------------------------------------
-- 학력
INSERT INTO resumeContent 
(resumeId, sectionType, sectionTitle, contentOrder, organization, title, field, description, dateFrom, dateTo, createdAt)
VALUES 
(1, 0, '학력', 1, '서울대학교', '학사', '컴퓨터공학', '컴퓨터공학 전공', '2015-03-01', '2019-02-28', CURRENT_TIMESTAMP);

-- 경력 (기존 position → title, 기존 organization 그대로 유지)
INSERT INTO resumeContent 
(resumeId, sectionType, sectionTitle, contentOrder, organization, title, field, description, dateFrom, dateTo, createdAt)
VALUES 
(1, 1, '경력', 2, '테스트주식회사', '백엔드 개발자', 'IT', '백엔드 개발 및 유지보수', '2019-03-01', '2022-12-31', CURRENT_TIMESTAMP);

-- 자격증 (기존 certName → title, 기존 issuingOrg → organization, 기존 issuedDate → dateFrom)
INSERT INTO resumeContent 
(resumeId, sectionType, sectionTitle, contentOrder, organization, title, field, description, dateFrom, dateTo, createdAt)
VALUES 
(1, 2, '자격증', 3, '한국산업인력공단', '정보처리기사', 'IT', '정보처리기사 자격증 취득', '2020-06-01', NULL, CURRENT_TIMESTAMP);


--------------------------------------------------
-- 29. coverLetter (자기소개서 테이블)
--------------------------------------------------
INSERT INTO coverLetter 
    (profileId, title, status, createdAt, updatedAt)
VALUES 
    (1, '홍길동 자기소개서', 0, CURRENT_TIMESTAMP, CURRENT_TIMESTAMP),
    (2, '이순신 자기소개서', 0, CURRENT_TIMESTAMP, CURRENT_TIMESTAMP),
    (4, '강민수 자기소개서', 0, CURRENT_TIMESTAMP, CURRENT_TIMESTAMP);


--------------------------------------------------
-- 30. coverLetterContent (자기소개서 항목 테이블)
--------------------------------------------------
INSERT INTO coverLetterContent 
    (coverLetterId, sectionTitle, content, contentOrder, createdAt)
VALUES 
    -- 홍길동 자기소개서
    (1, '지원 동기', '테스트주식회사의 혁신적인 기업 문화에 매료되어 지원하게 되었습니다.', 1, CURRENT_TIMESTAMP),
    (1, '성장 과정', '어려운 환경에서도 꾸준히 자기 계발을 하며 성장해왔습니다.', 2, CURRENT_TIMESTAMP),

    -- 이순신 자기소개서
    (2, '지원 동기', '프론트엔드 개발자로서 새로운 도전을 하고 싶습니다.', 1, CURRENT_TIMESTAMP),
    (2, '성장 과정', '다양한 프로젝트 경험을 통해 실력을 키워왔습니다.', 2, CURRENT_TIMESTAMP),

    -- 강민수 자기소개서
    (3, '지원 동기', 'AI 기술 연구를 통해 세상을 변화시키는 일을 하고 싶습니다.', 1, CURRENT_TIMESTAMP),
    (3, '성장 과정', '머신러닝과 데이터 분석에 대한 깊은 관심을 바탕으로 학습해왔습니다.', 2, CURRENT_TIMESTAMP);


--------------------------------------------------
-- companyFollow (기업 팔로우 테이블) - 데이터 삽입
--------------------------------------------------
INSERT INTO companyFollow 
    (accountId, companyId, createdAt)
VALUES 
    (1, 1, CURRENT_TIMESTAMP),  -- 홍길동(user1)이 테스트주식회사(1번 기업) 팔로우
    (2, 2, CURRENT_TIMESTAMP),  -- 이순신(user2)이 새로운IT회사(2번 기업) 팔로우
    (3, 3, CURRENT_TIMESTAMP),  -- 김유신(user3)이 디자인스튜디오(3번 기업) 팔로우
    (4, 4, CURRENT_TIMESTAMP),  -- 강민수(user4)가 스타트업A(4번 기업) 팔로우
    (5, 5, CURRENT_TIMESTAMP);  -- 정혜진(user5)이 헬스케어기업B(5번 기업) 팔로우
